incident_id,zs_text_hazard,zs_score,zs_p_H1,zs_p_H2,zs_p_H3,zs_p_H4,zs_p_H5,zs_p_H7
INC-001,H7,0.9850154519081116,0.010234483517706394,0.001232523238286376,0.002078246558085084,0.000687343708705157,0.0007519563077948987,0.9850154519081116
INC-002,H1,0.4237039387226105,0.4237039387226105,0.33387064933776855,0.003071841085329652,0.0004660487174987793,0.017781104892492294,0.22110645473003387
INC-003,H3,0.26425793766975403,0.17095129191875458,0.11037445068359375,0.26425793766975403,0.15656764805316925,0.09759554266929626,0.20025306940078735
INC-004,H7,0.9697745442390442,0.01868731528520584,0.003050620201975107,0.0049323407001793385,0.0010604615090414882,0.002494711196050048,0.9697745442390442
INC-005,H3,0.6038872599601746,0.02661161683499813,0.25248396396636963,0.6038872599601746,0.05417856201529503,0.03841835632920265,0.02442019246518612
INC-006,H7,0.5877353549003601,0.34517452120780945,0.021777262911200523,0.0237779151648283,0.009078114293515682,0.01245687622576952,0.5877353549003601
INC-007,H4,0.558966875076294,0.23506906628608704,0.021379198879003525,0.04438436031341553,0.558966875076294,0.04678775370121002,0.09341274201869965
INC-008,H7,0.6492584347724915,0.1668248027563095,0.008742651902139187,0.01380795519798994,0.1423448771238327,0.01902126334607601,0.6492584347724915
INC-009,H1,0.9159042239189148,0.9159042239189148,0.018641319125890732,0.022093920037150383,0.016132717952132225,0.018971893936395645,0.008255895227193832
INC-010,H7,0.7166046500205994,0.1392597258090973,0.023001501336693764,0.07417728006839752,0.02073957771062851,0.02621728554368019,0.7166046500205994
INC-011,H7,0.7139074206352234,0.2657276690006256,0.012847832404077053,0.0035746896173805,0.0018654227023944259,0.0020769687835127115,0.7139074206352234
INC-012,H7,0.9676235914230347,0.020707227289676666,0.0050282771699130535,0.0037807454355061054,0.0021795970387756824,0.0006805032608099282,0.9676235914230347
INC-013,H1,0.9380544424057007,0.9380544424057007,0.005545288790017366,0.005632614251226187,0.005148625932633877,0.002991459099575877,0.042627494782209396
INC-014,H7,0.8764753937721252,0.11329671740531921,0.0028838084544986486,0.0039726137183606625,0.0018187952227890491,0.001552662579342723,0.8764753937721252
INC-015,H1,0.8500545620918274,0.8500545620918274,0.020767439156770706,0.0162053182721138,0.007177035324275494,0.010422149673104286,0.0953734740614891
INC-016,H1,0.4285220801830292,0.4285220801830292,0.10000940412282944,0.15042540431022644,0.12253407388925552,0.15919150412082672,0.039317525923252106
INC-017,H1,0.8518297076225281,0.8518297076225281,0.03726267069578171,0.035905223339796066,0.03997701033949852,0.02268941141664982,0.012336019426584244
INC-018,H7,0.9764102697372437,0.00871575903147459,0.0031198628712445498,0.006364143453538418,0.0017638104036450386,0.003626179415732622,0.9764102697372437
INC-019,H7,0.9804971218109131,0.008829502388834953,0.004739958792924881,0.002497782465070486,0.002082903403788805,0.0013527264818549156,0.9804971218109131
INC-020,H7,0.986711323261261,0.007227359339594841,0.0017377318581566215,0.0030917972326278687,0.0005227817455306649,0.0007089971913956106,0.986711323261261
INC-021,H7,0.899926483631134,0.09229309111833572,0.0029207610059529543,0.0030639220494776964,0.000631658942438662,0.0011640699813142419,0.899926483631134
INC-022,H1,0.5884250402450562,0.5884250402450562,0.07790396362543106,0.07866848260164261,0.06915402412414551,0.0591505728662014,0.126697838306427
INC-023,H1,0.7472668290138245,0.7472668290138245,0.007967785000801086,0.002829925622791052,0.0019073581788688898,0.002350677503272891,0.2376774400472641
INC-024,H7,0.8340378999710083,0.1533801406621933,0.005096849519759417,0.003265164326876402,0.002455066656693816,0.0017648676875978708,0.8340378999710083
INC-025,H1,0.494771271944046,0.494771271944046,0.09212878346443176,0.08612541854381561,0.05692542344331741,0.05033472180366516,0.21971429884433746
INC-026,H7,0.6668305397033691,0.29910004138946533,0.007278740406036377,0.014126377180218697,0.008451735600829124,0.004212611820548773,0.6668305397033691
INC-027,H1,0.5224930644035339,0.5224930644035339,0.15826578438282013,0.07834724336862564,0.016136320307850838,0.016136320307850838,0.2086213380098343
INC-028,H7,0.9783897995948792,0.006990149151533842,0.003770902520045638,0.004460599273443222,0.002482697367668152,0.0039058311376720667,0.9783897995948792
INC-029,H7,0.98564612865448,0.004254532512277365,0.003124865470454097,0.00294702872633934,0.0014418883947655559,0.002585549373179674,0.98564612865448
INC-030,H7,0.8864296078681946,0.10494251549243927,0.0011288350215181708,0.0012325397692620754,0.004588393494486809,0.0016781141748651862,0.8864296078681946
INC-031,H7,0.9636956453323364,0.015852920711040497,0.005279039964079857,0.0031216247007250786,0.009365066885948181,0.002685758052393794,0.9636956453323364
INC-032,H1,0.9492100477218628,0.9492100477218628,0.01639598235487938,0.010320638306438923,0.008539415895938873,0.005333402194082737,0.010200399905443192
INC-033,H2,0.446745365858078,0.013019736856222153,0.446745365858078,0.3887377381324768,0.11357710510492325,0.02564120851457119,0.012278780341148376
INC-034,H7,0.6158052682876587,0.03720838949084282,0.11283305287361145,0.14277368783950806,0.04796350747346878,0.04341613128781319,0.6158052682876587
INC-035,H2,0.24554260075092316,0.23066593706607819,0.24554260075092316,0.11067472398281097,0.08619356155395508,0.22887086868286133,0.09805236011743546
INC-036,H7,0.9154497385025024,0.03848336264491081,0.010636987164616585,0.028189849108457565,0.004747872706502676,0.0024921991862356663,0.9154497385025024
INC-037,H1,0.7517161965370178,0.7517161965370178,0.04919521510601044,0.05640258640050888,0.03536484017968178,0.0703313946723938,0.0369897186756134
INC-038,H7,0.8768946528434753,0.07688454538583755,0.021718069911003113,0.01167034450918436,0.0036722368095070124,0.009160157293081284,0.8768946528434753
INC-039,H1,0.8245117664337158,0.8245117664337158,0.0021127585787326097,0.0018142112530767918,0.0015670055290684104,0.0010058239568024874,0.16898848116397858
INC-040,H3,0.8314615488052368,0.022950535640120506,0.058206986635923386,0.8314615488052368,0.06686510890722275,0.014278172515332699,0.006237671710550785
INC-041,H7,0.5973464846611023,0.1607539802789688,0.05983519181609154,0.08587750792503357,0.052495867013931274,0.043690942227840424,0.5973464846611023
INC-042,H1,0.7910929918289185,0.7910929918289185,0.00136094749905169,0.0040196264162659645,0.0008158395648933947,0.0019080308265984058,0.2008024901151657
INC-043,H7,0.9451517462730408,0.004998600576072931,0.02359219267964363,0.012493063695728779,0.005425930023193359,0.0083384457975626,0.9451517462730408
INC-044,H7,0.9407351613044739,0.04131283983588219,0.006277024745941162,0.0076234727166593075,0.0026371756102889776,0.0014143380103632808,0.9407351613044739
INC-045,H7,0.9621502161026001,0.029030045494437218,0.003730104072019458,0.0023989470209926367,0.002039940096437931,0.0006507318466901779,0.9621502161026001
INC-046,H7,0.8222761154174805,0.011301854625344276,0.0408189557492733,0.09337850660085678,0.024517348036170006,0.007707195822149515,0.8222761154174805
INC-047,H1,0.43230125308036804,0.43230125308036804,0.13776759803295135,0.13223128020763397,0.06419313699007034,0.10708415508270264,0.12642262876033783
INC-048,H7,0.4178730249404907,0.2446971982717514,0.09828900545835495,0.09415510296821594,0.07610034197568893,0.06888534128665924,0.4178730249404907
INC-049,H7,0.6431127786636353,0.34965431690216064,0.0017405665712431073,0.0024450228083878756,0.0017714330460876226,0.0012759153032675385,0.6431127786636353
INC-050,H1,0.6238101720809937,0.6238101720809937,0.05254789814352989,0.06131484732031822,0.037627704441547394,0.09349396824836731,0.13120540976524353
INC-051,H1,0.6927178502082825,0.6927178502082825,0.032573334872722626,0.11718657612800598,0.04158063232898712,0.05932930111885071,0.05661240965127945
INC-052,H7,0.8514848947525024,0.14063958823680878,0.0019711602944880724,0.003224603133276105,0.0008989446214400232,0.0017807951662689447,0.8514848947525024
INC-053,H3,0.40382516384124756,0.17693574726581573,0.11468543112277985,0.40382516384124756,0.0517432801425457,0.1981586366891861,0.05465179681777954
INC-054,H1,0.6816735863685608,0.6816735863685608,0.040957674384117126,0.047141995280981064,0.037511542439460754,0.14492423832416534,0.04779094457626343
INC-055,H1,0.6031985878944397,0.6031985878944397,0.07538864016532898,0.08626485615968704,0.07702584564685822,0.08199357986450195,0.07612846046686172
INC-056,H7,0.782432496547699,0.07363543659448624,0.044271327555179596,0.06620003283023834,0.010849155485630035,0.022611582651734352,0.782432496547699
INC-057,H7,0.5380237698554993,0.4272775948047638,0.010500042699277401,0.00867090467363596,0.006805870682001114,0.008721858263015747,0.5380237698554993
INC-058,H3,0.23477108776569366,0.16680309176445007,0.15396663546562195,0.23477108776569366,0.15336638689041138,0.10896565765142441,0.18212708830833435
INC-059,H1,0.36372414231300354,0.36372414231300354,0.1312185674905777,0.1206483393907547,0.08373404294252396,0.1167081966996193,0.1839667558670044
INC-060,H7,0.8625687956809998,0.0831834003329277,0.008827605284750462,0.02609824389219284,0.008053339086472988,0.011268647387623787,0.8625687956809998
INC-061,H1,0.7201129794120789,0.7201129794120789,0.07200054079294205,0.09209010004997253,0.058650463819503784,0.030967045575380325,0.026178931817412376
INC-062,H2,0.2593103349208832,0.1423681229352951,0.2593103349208832,0.21836118400096893,0.2133028656244278,0.10134924948215485,0.06530831009149551
INC-063,H7,0.8401362299919128,0.09509279578924179,0.004588729236274958,0.057507969439029694,0.0022561103105545044,0.0004181543772574514,0.8401362299919128
INC-064,H1,0.5106502175331116,0.5106502175331116,0.4402080178260803,0.02993459440767765,0.0024734323378652334,0.001641237293370068,0.015092538669705391
INC-065,H7,0.9928401112556458,0.0030064648017287254,0.0007134009501896799,0.0021029540803283453,0.0004931942094117403,0.0008438818040303886,0.9928401112556458
INC-066,H7,0.725363552570343,0.22768919169902802,0.010571452789008617,0.02474796399474144,0.00812125951051712,0.0035065817646682262,0.725363552570343
INC-067,H7,0.9726157188415527,0.014503972604870796,0.007253988180309534,0.0024440609849989414,0.001132162637077272,0.0020500817336142063,0.9726157188415527
INC-068,H7,0.8290181159973145,0.07318539917469025,0.008668494410812855,0.008805003948509693,0.004740674514323473,0.07558233290910721,0.8290181159973145
INC-069,H7,0.971229612827301,0.0005424434784799814,0.02313295379281044,0.0028449771925807,0.0017493198392912745,0.00050069933058694,0.971229612827301
INC-070,H5,0.7888492345809937,0.15594159066677094,0.019234545528888702,0.017789049074053764,0.010057016275823116,0.7888492345809937,0.008128528483211994
INC-071,H7,0.949399471282959,0.015063507482409477,0.005498429760336876,0.00880364328622818,0.01696946658194065,0.004265486728399992,0.949399471282959
INC-072,H7,0.5943062901496887,0.2399163544178009,0.0889090970158577,0.03749971091747284,0.013035711832344532,0.026332858949899673,0.5943062901496887
INC-073,H7,0.957619845867157,0.019865063950419426,0.0065652127377688885,0.014892781153321266,0.0007812366238795221,0.00027585140196606517,0.957619845867157
INC-074,H7,0.9830917716026306,0.011339589022099972,0.0024849032051861286,0.0010138442739844322,0.0007578526274301112,0.0013120120856910944,0.9830917716026306
INC-075,H7,0.5612948536872864,0.42951998114585876,0.0029685059562325478,0.004808959551155567,0.0008638845756649971,0.0005437820800580084,0.5612948536872864
INC-076,H7,0.9777972102165222,0.0012500617885962129,0.002075140830129385,0.017700335010886192,0.0009802270215004683,0.00019701739074662328,0.9777972102165222
INC-077,H7,0.7388746738433838,0.20922483503818512,0.04309174418449402,0.0073685296811163425,0.0009707975550554693,0.0004694470262620598,0.7388746738433838
INC-078,H7,0.9435365796089172,0.05343903228640556,0.000870535965077579,0.0009883750462904572,0.0006344146677292883,0.0005311096319928765,0.9435365796089172
INC-079,H1,0.7366346120834351,0.7366346120834351,0.14514049887657166,0.015881864354014397,0.012129574082791805,0.013664309866726398,0.07654905319213867
INC-080,H1,0.3179394602775574,0.3179394602775574,0.2001306414604187,0.13835594058036804,0.09602372348308563,0.18257726728916168,0.0649729073047638
INC-081,H7,0.8963009119033813,0.01127518992871046,0.041109733283519745,0.02689467743039131,0.024143574759364128,0.0002759152848739177,0.8963009119033813
INC-082,H1,0.8440832495689392,0.8440832495689392,0.01995784603059292,0.02115185558795929,0.009496720507740974,0.001704331487417221,0.1036059558391571
INC-083,H1,0.8465811610221863,0.8465811610221863,0.01924067549407482,0.03203381597995758,0.016749268397688866,0.008774679154157639,0.07662031799554825
INC-084,H7,0.9023669958114624,0.016287092119455338,0.03175650164484978,0.04411376267671585,0.002202066592872143,0.003273568581789732,0.9023669958114624
INC-085,H1,0.9453694224357605,0.9453694224357605,0.003212358569726348,0.0028376663103699684,0.0009673548629507422,0.0008209833758883178,0.04679219424724579
INC-086,H7,0.8416107892990112,0.10269895195960999,0.04579545184969902,0.008687031455338001,0.0004783854237757623,0.0007294506067410111,0.8416107892990112
INC-087,H3,0.2887529134750366,0.2336680144071579,0.15105168521404266,0.2887529134750366,0.09265218675136566,0.13388973474502563,0.09998542815446854
INC-088,H7,0.6361392140388489,0.011015077121555805,0.0021094619296491146,0.3492569625377655,0.0006547584198415279,0.0008244653581641614,0.6361392140388489
INC-089,H7,0.5084700584411621,0.10492871701717377,0.05063502490520477,0.3188145160675049,0.013831022195518017,0.0033206359948962927,0.5084700584411621
INC-090,H7,0.560597836971283,0.000648745393846184,0.05566955730319023,0.37710341811180115,0.005246792919933796,0.0007336905691772699,0.560597836971283
INC-091,H1,0.9122045040130615,0.9122045040130615,0.014809349551796913,0.02068157307803631,0.01595029979944229,0.014381776563823223,0.02197246626019478
INC-092,H3,0.6357851028442383,0.04966497793793678,0.13874584436416626,0.6357851028442383,0.10150863230228424,0.035842280834913254,0.038453154265880585
INC-093,H7,0.9400568604469299,0.002632702235132456,0.0008538789115846157,0.05329396575689316,0.0008505498990416527,0.0023120343685150146,0.9400568604469299
INC-094,H3,0.8870903849601746,0.0051325527019798756,0.031410008668899536,0.8870903849601746,0.0021146396175026894,0.0020376048050820827,0.07221487164497375
INC-095,H1,0.9809371829032898,0.9809371829032898,0.0036146421916782856,0.004998868331313133,0.005971188191324472,0.0024505709297955036,0.002027630340307951
INC-096,H3,0.9437074065208435,0.013085384853184223,0.00758804427459836,0.9437074065208435,0.018345540389418602,0.004956960678100586,0.012316611595451832
INC-097,H7,0.9683687090873718,0.0020232689566910267,0.0007823282503522933,0.027403520420193672,0.0006549376994371414,0.0007671966450288892,0.9683687090873718
INC-098,H7,0.9054744839668274,0.006344076246023178,0.0009157377062365413,0.0843869000673294,0.0011307850945740938,0.0017479769885540009,0.9054744839668274
INC-099,H1,0.7829142808914185,0.7829142808914185,0.045029159635305405,0.07902863621711731,0.029588578268885612,0.03459255024790764,0.02884676307439804
INC-100,H1,0.8053056001663208,0.8053056001663208,0.034060414880514145,0.082912378013134,0.027421820908784866,0.03711693733930588,0.01318285521119833
INC-101,H7,0.9533985257148743,0.030887313187122345,0.012625167146325111,0.0015288046561181545,0.0007793134427629411,0.0007808370282873511,0.9533985257148743
INC-102,H3,0.41760364174842834,0.20491981506347656,0.13044589757919312,0.41760364174842834,0.026437070220708847,0.01117231696844101,0.20942114293575287
INC-103,H7,0.9554204344749451,0.004004994407296181,0.01389713492244482,0.01588653400540352,0.007750042714178562,0.0030408939346671104,0.9554204344749451
INC-104,H7,0.9116929173469543,0.03326115757226944,0.042195145040750504,0.008999232202768326,0.002313452074304223,0.0015380842378363013,0.9116929173469543
INC-105,H7,0.9814179539680481,0.011725340038537979,0.0036093569360673428,0.0014668818330392241,0.0008407157729379833,0.0009397199028171599,0.9814179539680481
INC-106,H1,0.6167532205581665,0.6167532205581665,0.10107626020908356,0.1055140346288681,0.04075881466269493,0.03541187196969986,0.10048574209213257
INC-107,H1,0.9546186327934265,0.9546186327934265,0.003744530724361539,0.005019172560423613,0.002398836426436901,0.00271293381229043,0.03150603547692299
INC-108,H1,0.598650336265564,0.598650336265564,0.06936652213335037,0.096494160592556,0.05370708554983139,0.10271748155355453,0.07906447350978851
INC-109,H1,0.7993296384811401,0.7993296384811401,0.023463666439056396,0.007951986975967884,0.0051542832516133785,0.009954565204679966,0.15414588153362274
INC-110,H1,0.7044042348861694,0.7044042348861694,0.055796314030885696,0.13635511696338654,0.044746119529008865,0.02544582448899746,0.03325249254703522
INC-111,H7,0.9760938286781311,0.01698429509997368,0.0021268720738589764,0.0024006657768040895,0.0009382799617014825,0.0014560774434357882,0.9760938286781311
INC-112,H3,0.3222890794277191,0.16032560169696808,0.14176346361637115,0.3222890794277191,0.050547320395708084,0.07602886110544205,0.2490456998348236
INC-113,H2,0.3829927444458008,0.11749258637428284,0.3829927444458008,0.14034585654735565,0.08663360029459,0.17398227751255035,0.09855296462774277
INC-114,H1,0.9973970651626587,0.9973970651626587,0.0005081989802420139,0.0006745705031789839,0.0004107490531168878,0.0004279464774299413,0.0005815161275677383
INC-115,H7,0.9121371507644653,0.06672342121601105,0.0019605248235166073,0.014993789605796337,0.0013713426887989044,0.0028138128109276295,0.9121371507644653
INC-116,H1,0.343122273683548,0.343122273683548,0.10495342314243317,0.1654376983642578,0.11571992188692093,0.17576389014720917,0.09500288218259811
INC-117,H2,0.25440704822540283,0.20947399735450745,0.25440704822540283,0.13471931219100952,0.10491949319839478,0.06438702344894409,0.23209312558174133
INC-118,H7,0.9230442643165588,0.056858621537685394,0.006610850803554058,0.008048532530665398,0.003090888261795044,0.002346835331991315,0.9230442643165588
INC-119,H7,0.5261566042900085,0.46523937582969666,0.001563988858833909,0.00300878519192338,0.0018976168939843774,0.0021335480269044638,0.5261566042900085
INC-120,H7,0.5934908986091614,0.15822221338748932,0.10432347655296326,0.08220493048429489,0.02718784287571907,0.03457062318921089,0.5934908986091614
INC-121,H7,0.9142830967903137,0.06380604207515717,0.006832262966781855,0.007174148224294186,0.0034759738482534885,0.004428505897521973,0.9142830967903137
INC-122,H1,0.847444474697113,0.847444474697113,0.030568182468414307,0.009943438693881035,0.006054605357348919,0.008843876421451569,0.09714549034833908
INC-123,H7,0.9448139071464539,0.03661205619573593,0.0035363577771931887,0.00823835376650095,0.004607778508216143,0.0021914902608841658,0.9448139071464539
