incident_id,manual_hazard,note
INC-001,H7,""
INC-002,H2,""
INC-003,H7,"Narrative missing; defaulted to H7 (unclassifiable from text)."
INC-004,H6,""
INC-005,H7,""
INC-006,H7,""
INC-007,H4,""
INC-008,H4,""
INC-009,H7,""
INC-010,H7,""
INC-011,H7,""
INC-012,H7,""
INC-013,H7,""
INC-014,H7,""
INC-015,H6,""
INC-016,H7,""
INC-017,H7,""
INC-018,H7,""
INC-019,H7,""
INC-020,H7,""
INC-021,H7,""
INC-022,H7,"Truncated; Powell St carries cable cars but obstruction of the line is not stated."
INC-023,H6,""
INC-024,H7,""
INC-025,H7,""
INC-026,H7,""
INC-027,H7,""
INC-028,H7,""
INC-029,H6,""
INC-030,H4,""
INC-031,H4,""
INC-032,H6,""
INC-033,H7,""
INC-034,H7,""
INC-035,H6,""
INC-036,H7,""
INC-037,H5,""
INC-038,H6,""
INC-039,H7,""
INC-040,H3,""
INC-041,H5,""
INC-042,H1,""
INC-043,H7,"'Rp in veh' = reporting party in their own vehicle stuck behind the AV, not an AV occupant."
INC-044,H7,""
INC-045,H7,""
INC-046,H7,""
INC-047,H7,""
INC-048,H7,""
INC-049,H7,""
INC-050,H5,""
INC-051,H1,""
INC-052,H7,""
INC-053,H5,""
INC-054,H5,""
INC-055,H5,"Occupant texted 911 from inside the AV; analyzed sheet flags ER impact (responder involvement) but no obstruction of a response is described."
INC-056,H6,""
INC-057,H7,""
INC-058,H7,""
INC-059,H7,""
INC-060,H7,""
INC-061,H7,"Narrative says 'Waymos' (plural) but the AV-count field is 1; count field used."
INC-062,H6,""
INC-063,H7,""
INC-064,H2,""
INC-065,H7,""
INC-066,H1,"Ambiguous: 'veh accident' with the Waymo subsequently moved and a tow en route suggests AV involvement."
INC-067,H7,""
INC-068,H5,""
INC-069,H7,""
INC-070,H5,""
INC-071,H7,""
INC-072,H7,""
INC-073,H7,""
INC-074,H7,""
INC-075,H7,""
INC-076,H7,""
INC-077,H7,""
INC-078,H7,""
INC-079,H2,""
INC-080,H7,""
INC-081,H7,""
INC-082,H7,""
INC-083,H7,""
INC-084,H3,""
INC-085,H7,""
INC-086,H7,""
INC-087,H5,""
INC-088,H3,""
INC-089,H2,""
INC-090,H3,""
INC-091,H1,""
INC-092,H6,""
INC-093,H3,""
INC-094,H7,""
INC-095,H7,"AV blocked a tow truck towing another vehicle; tow operation not clearly an emergency response."
INC-096,H7,""
INC-097,H3,""
INC-098,H3,""
INC-099,H1,""
INC-100,H6,""
INC-101,H7,""
INC-102,H2,""
INC-103,H2,""
INC-104,H7,""
INC-105,H7,""
INC-106,H6,""
INC-107,H7,""
INC-108,H1,"'Waymo vs Muni, unclear if contact' - coded as reported collision."
INC-109,H7,""
INC-110,H6,""
INC-111,H6,""
INC-112,H3,"Blocking a railroad track; coded as rail/transit obstruction."
INC-113,H6,""
INC-114,H1,""
INC-115,H7,""
INC-116,H7,""
INC-117,H6,""
INC-118,H7,""
INC-119,H7,""
INC-120,H7,""
INC-121,H6,""
INC-122,H7,""
INC-123,H7,""
