Quantity,Value
Records in primary sheet,123
Out of scope (moving-AV reports),3
Blocking incidents analyzed,120
Date range,2025-02-01 to 2025-10-31
Months present,"2025-02, 2025-03, 2025-06, 2025-07, 2025-08, 2025-09, 2025-10"
Covered months used for rates,"2025-03, 2025-06, 2025-07, 2025-08, 2025-09, 2025-10"
Covered exposure (days),184
Incidents in covered months,117
Narrative missing,1
Narrative likely truncated,80 (67%)
AV count missing,2
Durations crossing midnight,3
Operator = Waymo / Zoox / unstated,108 / 1 / 11
